,SAM_sentroid,camera_id,U,V,vertex_x,vertex_y,vertex_z
0,0,202203_ONLI_BA1_S_P1_EC1_4760.png,2802.715462,1602.257107,6.745192,5.885055,-3.428345
1,0,202203_ONLI_BA1_S_P1_EC1_4760.png,2824.97857,881.209182,6.745192,5.885055,-3.428345
2,0,202203_ONLI_BA1_S_P1_EC1_4760.png,504.848815,4630.39042,6.745192,5.885055,-3.428345
3,0,202203_ONLI_BA1_S_P1_EC1_4760.png,671.976246,3918.433671,6.745192,5.885055,-3.428345
4,0,202203_ONLI_BA1_S_P1_EC1_4760-2.png,857.125622,3250.722444,6.745192,5.885055,-3.428345
5,0,202203_ONLI_BA1_S_P1_EC1_4760-2.png,1283.287775,2532.750508,6.745192,5.885055,-3.428345
6,0,202203_ONLI_BA1_S_P1_EC1_4760-2.png,1685.6778,2161.752399,6.745192,5.885055,-3.428345
7,0,202203_ONLI_BA1_S_P1_EC1_4760-2.png,2060.127032,1960.757159,6.745192,5.885055,-3.428345
8,0,202203_ONLI_BA1_S_P1_EC1_4760-2.png,2369.612202,1289.246732,6.745192,5.885055,-3.428345
